{
  "accuracy": 0.7014925373134329,
  "roc_auc": 0.6887387387387387,
  "classification_report": {
    "0": {
      "precision": 0.7083333333333334,
      "recall": 0.5666666666666667,
      "f1-score": 0.6296296296296297,
      "support": 30.0
    },
    "1": {
      "precision": 0.6976744186046512,
      "recall": 0.8108108108108109,
      "f1-score": 0.75,
      "support": 37.0
    },
    "accuracy": 0.7014925373134329,
    "macro avg": {
      "precision": 0.7030038759689923,
      "recall": 0.6887387387387387,
      "f1-score": 0.6898148148148149,
      "support": 67.0
    },
    "weighted avg": {
      "precision": 0.7024470669906282,
      "recall": 0.7014925373134329,
      "f1-score": 0.6961028192371476,
      "support": 67.0
    }
  },
  "drift": {
    "TN": {
      "test": "ks_2samp",
      "stat": 0.1466264184694505,
      "pvalue": 0.18124852787041437
    },
    "TX": {
      "test": "ks_2samp",
      "stat": 0.08558331935826485,
      "pvalue": 0.7865809397571607
    },
    "TAVG": {
      "test": "ks_2samp",
      "stat": 0.12817932807870758,
      "pvalue": 0.3137654314526623
    },
    "RH_AVG": {
      "test": "ks_2samp",
      "stat": 0.16278159762982838,
      "pvalue": 0.1019346311221671
    },
    "SS": {
      "test": "ks_2samp",
      "stat": 0.17016043378612555,
      "pvalue": 0.07798507884280131
    },
    "FF_X": {
      "test": "ks_2samp",
      "stat": 0.0959807703057745,
      "pvalue": 0.6620990664136804
    },
    "DDD_X": {
      "test": "ks_2samp",
      "stat": 0.06953994074570966,
      "pvalue": 0.937749021337213
    },
    "FF_AVG": {
      "test": "ks_2samp",
      "stat": 0.10240930180557885,
      "pvalue": 0.5865183128757369
    },
    "Month": {
      "test": "ks_2samp",
      "stat": 0.08893733579294538,
      "pvalue": 0.7474634971382511
    },
    "Day": {
      "test": "ks_2samp",
      "stat": 0.07608027279333669,
      "pvalue": 0.8880911313247811
    },
    "DDD_CAR": {
      "test": "chi2",
      "stat": 6.133576725971814,
      "pvalue": 0.632272169832158
    },
    "prediction": {
      "test": "chi2",
      "stat": 6.6015976252176385,
      "pvalue": 0.010188730559464253
    }
  }
}